<?xml version="1.0" encoding="UTF-8"?>
<configuration>

    <property name="LOGS" value="C:\\temp\\logs\\library-apis" />

    <springProfile name="default">

        <appender name="CONSOLE"
                  class="ch.qos.logback.core.ConsoleAppender">
            <layout class="ch.qos.logback.classic.PatternLayout">
                <Pattern>
                    %black(%d{ISO8601}) %highlight(%-5level) [%blue(%t)] %yellow(%C{1.}): %msg%n%throwable
                </Pattern>
            </layout>
        </appender>

        <root level="INFO">
            <appender-ref ref="CONSOLE"/>
        </root>
    </springProfile>

    <springProfile name="test">

        <appender name="CONSOLE"
                  class="ch.qos.logback.core.ConsoleAppender">
            <layout class="ch.qos.logback.classic.PatternLayout">
                <Pattern>
                    %black(%d{ISO8601}) %highlight(%-5level) [%blue(%t)] %yellow(%C{1.}): %msg%n%throwable
                </Pattern>
            </layout>
        </appender>

        <appender name="FILE-ROLLING" class="ch.qos.logback.core.rolling.RollingFileAppender">
            <file>${LOGS}\\library-apis.log</file>

            <rollingPolicy class="ch.qos.logback.core.rolling.SizeAndTimeBasedRollingPolicy">
                <fileNamePattern>${LOGS}\\archived\\library-apis.%d{yyyy-MM-dd}.%i.log</fileNamePattern>
                <!-- Maximum size of a log file -->
                <maxFileSize>20MB</maxFileSize>
                <!-- Cumulative size of the archive files. If this size goes beyond 10GB then old archived files will be deleted -->
                <totalSizeCap>10GB</totalSizeCap>
                <!-- Maximum number of days a file will be archived for -->
                <maxHistory>20</maxHistory>
            </rollingPolicy>

            <encoder>
                <pattern>%d %p %c{1.} [%t] %m%n</pattern>
            </encoder>
        </appender>

        <logger name="org.springframework" level="INFO"/>
        <logger name="com.skb" level="DEBUG"/>
        <root level="ERROR">
            <appender-ref ref="FILE-ROLLING"/>
        </root>
    </springProfile>



</configuration>